1,Tracy Willis
2,Tiffany Lopez
3,Bradley Morrow
4,Matthew Dougherty
5,Kevin Anderson
6,Mrs. Hannah Ramirez
7,Randy Rodriguez
8,Michael Anderson
9,Elizabeth Medina
10,Patrick Mitchell
11,Thomas Mcdonald
12,Jeffrey Norris
13,Jonathan Colon
14,Sean Jackson
15,Vincent Rivera
16,Travis Rogers
17,Nathaniel Hart
18,Elizabeth Martin
19,Malik Gibbs
20,Ariana Ward
21,Ruben Hodge
22,Lisa Ochoa
23,Jessica Kelly
24,Kristin Carroll
25,Daniel Rasmussen
26,Donald Gross
27,Brittany Chapman
28,Charles Burton
29,Michael Martinez
30,Monique Price
31,Jeffrey Cooke
32,Peggy Anderson
33,Evelyn Romero
34,Natasha Jones
35,Joseph Boyd
36,Andrew Harris
37,Cynthia Gill
38,Michael Choi
39,Eric Hess
40,Kristy Rodgers
41,Christy Taylor
42,Elizabeth Watts
43,Brandon Kline
44,Sandra Silva
45,Carolyn Anderson
46,Roberto Smith
47,Joseph Watkins
48,Ricky Weber
49,Martha Greer
50,Mrs. Jennifer Jenkins
51,Melanie Newman
52,Michael Jones
53,Christopher Gutierrez
54,Terrance Graves
55,Haley West
56,Teresa Bennett
57,Elizabeth Harvey
58,William Bowman
59,Johnathan Curry
60,Sara Miller
61,Sara Acosta
62,Adam Sloan
63,Alexandria Smith
64,Eric Gray
65,Sophia Ward
66,James Lee
67,Michael Wright
68,Alex Nelson
69,Mr. Richard Gibson
70,Susan Reed
71,Marc Harris
72,Patrick Martinez
73,Christine Green
74,Jasmine Ramirez
75,Eric Patton
76,Maria Romero
77,Sheila White
78,Savannah Wright
79,Edward Walker
80,Kelly Potter
81,Debra Hill
82,Steven Jones
83,Emma Harrison
84,Paul Chavez
85,Anthony Medina
86,Whitney Garcia
87,Heidi Gonzalez
88,Margaret Green
89,Jennifer Gutierrez
90,Rebecca Wagner
91,Tina Underwood
92,Katie Calhoun
93,Gary Nelson
94,Nancy Flynn
95,Robin King
96,Holly Smith
97,Edward Thompson
98,Amanda Smith
99,Thomas Rosales
100,Deanna Macdonald
5024,
5025,
5026,
5027,
5028,
